<?xml version="1.0" encoding="utf-8"?>
<!--
Automatically generated IO group description. Please do NOT modify!
-->
<SunriseIOGroupDescription xmlns:xsi="http://www.w3.org/2001/XMLSchema-instance" xmlns:xsd="http://www.w3.org/2001/XMLSchema" Version="1.0.0">
  <IOGroup DisplayName="GripperControl" IconName="GripperControl" SignalTypes="InOut" TemplateName="GripperControl">
    <IOs>
      <DigitalIOItem Name="Close" DataType="BOOL" IOType="Output" UsedBitWidth="1" IsConnected="true">
        <Description />
      </DigitalIOItem>
      <DigitalIOItem Name="Open" DataType="BOOL" IOType="Output" UsedBitWidth="1" IsConnected="true">
        <Description />
      </DigitalIOItem>
      <DigitalIOItem Name="Status" DataType="BOOL" IOType="Input" UsedBitWidth="1" IsConnected="true">
        <Description />
      </DigitalIOItem>
    </IOs>
    <Description />
  </IOGroup>
</SunriseIOGroupDescription>