<?xml version="1.0" encoding="utf-8"?>
<IOManager xmlns:xsi="http://www.w3.org/2001/XMLSchema-instance" xmlns:xsd="http://www.w3.org/2001/XMLSchema">
  <Version Label="">
    <Info Version="IOManager V0.1.0" />
    <Schema Version="1" />
  </Version>
  <WarnMultipleUsageOfInputs printWarning="false" />
  <BusList>
    <Bus BusDriverName="ECatIODriver" BusInstanceName="SYS-X44">
      <IOList>
        <DigitalIO Name="GripperControl.Close" Type="OUTPUT" Scope="USER_IO" StartBit="12578" BitSize="1" Signed="false">
          <Description />
        </DigitalIO>
        <DigitalIO Name="GripperControl.Open" Type="OUTPUT" Scope="USER_IO" StartBit="12579" BitSize="1" Signed="false">
          <Description />
        </DigitalIO>
        <DigitalIO Name="GripperControl.Status" Type="INPUT" Scope="USER_IO" StartBit="352" BitSize="1" Signed="false">
          <Description />
        </DigitalIO>
      </IOList>
    </Bus>
  </BusList>
</IOManager>